Contact Centre,Transaction Type,Unit Group,Call Type Code_NEW,Call Type Code_OLD,Assignment group,Call Type,Service Group,Verification Status,Dept/MOE & Call Type,Short Description-Call Type,Org. Unit,Org. Unit Name,Priority,SLA Duration,SLA Unit,RULEGUID,Operating Hours,Paid Service ,Quotation ,"OLA 
Still awaiting",Escalation,Reminder,Contract,MANDATORY Forms / Supporting documents,Additional information,,,
Water Contact,Service Request,Joburg Water Forcelink,10078,WD,Joburg Water Forcelink,,FIX MY CITY,Unverified ,W:WATER DELIVERY:PRE-PAID SERV,WATER DELIVERY,60000042,JOHANNESBURG WATER,P2,24,HOUR,5CA3D9C248150054E1000000A859B6B0,24x7,NO,NO,,,,,,,,,
Water Contact,Service Request,Joburg Water Forcelink,10079,CPMX,Joburg Water Forcelink,,FIX MY CITY,Verified ,PREPAID METER READS X AREA,METER READS X AREA,60000042,JOHANNESBURG WATER,P4,72,HOUR,5CA3D9C248150054E1000000A859B6B0,24x7,NO,NO,,,,,,,,,
Water Contact,Service Request,Joburg Water Forcelink,10080,CPBF,Joburg Water Forcelink,,FIX MY CITY,Verified ,PREPAID METER BATTERY FLAT,METER BATTERY FLAT,60000042,JOHANNESBURG WATER,P2,24,HOUR,5CA3D9C248150054E1000000A859B6B0,24x7,NO,NO,,,,,,,,,
Water Contact,Service Request,Joburg Water Forcelink,10081,CP251,Joburg Water Forcelink,,FIX MY CITY,Verified ,PREPAID METER READS ERROR 251,METER READS ERROR 251,60000042,JOHANNESBURG WATER,P4,72,HOUR,5CA3D9C248150054E1000000A859B6B0,24x7,NO,NO,,,,,,,,,
Water Contact,Service Request,Joburg Water Forcelink,10082,CPND,Joburg Water Forcelink,,FIX MY CITY,Unverified ,PREPAID WATER METER NOT DISPENCING WTR,WATER METER NOT DISPENCING WTR,60000042,JOHANNESBURG WATER,P2,24,HOUR,5CA3D9C248150054E1000000A859B6B0,24x7,NO,NO,,,,,,,,,
Water Contact,Service Request,Joburg Water Forcelink,10083,CPLCD,Joburg Water Forcelink,,FIX MY CITY,Unverified ,PREPAID METER LCD BLANK,METER LCD BLANK,60000042,JOHANNESBURG WATER,P4,72,HOUR,5CA3D9C248150054E1000000A859B6B0,24x7,NO,NO,,,,,,,,,
Water Contact,Service Request,Joburg Water Forcelink,10084,CPPL,Joburg Water Forcelink,,FIX MY CITY,Unverified ,Possible leak on upgraded prepaid meter,leak on upgraded prepaid meter,60000042,JOHANNESBURG WATER,P4,72,HOUR,5CA3D9C248150054E1000000A859B6B0,24x7,NO,NO,,,,,,,,,
Water Contact,Service Request,Joburg Water Forcelink,10085,CPRP,Joburg Water Forcelink,,FIX MY CITY,Unverified ,Reinstatement of paving/concrete not don,of paving/concrete not don,60000042,JOHANNESBURG WATER,P4,72,HOUR,5CA3D9C248150054E1000000A859B6B0,24x7,NO,NO,,,,,,,,,
Water Contact,Service Request,Joburg Water Forcelink,10086,CPBA,Joburg Water Forcelink,,FIX MY CITY,Unverified ,PREPAID CUSTOMER STILLL BEING B,CUSTOMER STILLL BEING B,60000042,JOHANNESBURG WATER,P4,72,HOUR,5CA3D9C248150054E1000000A859B6B0,24x7,NO,NO,,,,,,,,,
Water Contact,Service Request,Joburg Water Forcelink,10087,CPCF,Joburg Water Forcelink,,FIX MY CITY,Unverified ,CISTERN FAILURE AFTER RETOFITTING,FAILURE AFTER RETOFITTING,60000042,JOHANNESBURG WATER,P4,72,HOUR,5CA3D9C248150054E1000000A859B6B0,24x7,NO,NO,,,,,,,,,
Water Contact,Service Request,Joburg Water Forcelink,10088,CPMB,Joburg Water Forcelink,,FIX MY CITY,Unverified ,PREPAID METER SHATTERING,METER SHATTERING,60000042,JOHANNESBURG WATER,P4,72,HOUR,5CA3D9C248150054E1000000A859B6B0,24x7,NO,NO,,,,,,,,,
Water Contact,Service Request,Joburg Water Forcelink,10089,CPMI,Joburg Water Forcelink,,FIX MY CITY,Unverified ,PREPAID METER INSTALL,METER INSTALL,60000042,JOHANNESBURG WATER,P4,72,HOUR,5CA3D9C248150054E1000000A859B6B0,24x7,NO,NO,,,,,,,,,
Water Contact,Service Request,Joburg Water Forcelink,10090,CPMND,Joburg Water Forcelink,,FIX MY CITY,Unverified ,PREPAID MISSING OR DAMAGED/TAG,MISSING OR DAMAGED/TAG,60000042,JOHANNESBURG WATER,P4,72,HOUR,5CA3D9C248150054E1000000A859B6B0,24x7,NO,NO,,,,,,,,,
Water Contact,Service Request,Joburg Water Forcelink,10091,CPPC,Joburg Water Forcelink,,FIX MY CITY,Unverified ,PIPE LEAKS AFTER RETROFITTING,LEAKS AFTER RETROFITTING,60000042,JOHANNESBURG WATER,P4,72,HOUR,5CA3D9C248150054E1000000A859B6B0,24x7,NO,NO,,,,,,,SLA Priority Levels,Indicator,RANGE 
Water Contact,Service Request,Joburg Water Forcelink,10092,RGDD,Joburg Water Forcelink,,FIX MY CITY,Unverified ,IRRIGATING GARDEN DURING 6AM AND 6 PM,GARDEN DURING 6AM AND 6 PM,60000042,JOHANNESBURG WATER,P5,2400,HOUR,5CA3D9C248150054E1000000A859B6B0,24x7,NO,NO,,,,,,,Critical,P1,0-8 hours 
Water Contact,Service Request,Joburg Water Forcelink,10093,RSWI,Joburg Water Forcelink,,FIX MY CITY,Unverified ,FILLING SWIMMING POOL,SWIMMING POOL,60000042,JOHANNESBURG WATER,P5,2400,HOUR,5CA3D9C248150054E1000000A859B6B0,24x7,NO,NO,,,,,,,High,P2,8-36 hours
Water Contact,Service Request,Joburg Water Forcelink,10094,CPBM,Joburg Water Forcelink,,FIX MY CITY,Verified ,PREPAID METER BLOCKED,METER BLOCKED,60000042,JOHANNESBURG WATER,P2,24,HOUR,5CA3D9C248150054E1000000A859B6B0,24x7,NO,NO,,,,,,,Medium,P3,36-48 hours 
Water Contact,Service Request,Joburg Water Forcelink,10095,CPCE,Joburg Water Forcelink,,FIX MY CITY,Unverified ,PREPAID COMMS ERROR,COMMS ERROR,60000042,JOHANNESBURG WATER,P4,72,HOUR,5CA3D9C248150054E1000000A859B6B0,24x7,NO,NO,,,,,,,Low,P4,48-72 hours 
Water Contact,Service Request,Joburg Water Forcelink,10096,CPFB,Joburg Water Forcelink,,FIX MY CITY,Unverified ,PREPAID NO FREE BASIC WATER,NO FREE BASIC WATER,60000042,JOHANNESBURG WATER,P2,24,HOUR,5CA3D9C248150054E1000000A859B6B0,24x7,NO,NO,,,,,,,Very Low ,P5,above  72 hours 
Water Contact,Service Request,Joburg Water Forcelink,10097,CPFT,Joburg Water Forcelink,,FIX MY CITY,Unverified ,PREPAID FAULTY TAG/CARD,FAULTY TAG/CARD,60000042,JOHANNESBURG WATER,P4,72,HOUR,5CA3D9C248150054E1000000A859B6B0,24x7,NO,NO,,,,,,,,,
Water Contact,Service Request,Joburg Water Forcelink,10098,CPLP,Joburg Water Forcelink,,FIX MY CITY,Unverified ,PREPAID LOW PRESSURE,LOW PRESSURE,60000042,JOHANNESBURG WATER,P2,24,HOUR,5CA3D9C248150054E1000000A859B6B0,24x7,NO,NO,,,,,,,,,
Water Contact,Service Request,Joburg Water Forcelink,10099,CPMD,Joburg Water Forcelink,,FIX MY CITY,Unverified ,PREPAID MISSING/DAMAGED TAG/CA,MISSING/DAMAGED TAG/CA,60000042,JOHANNESBURG WATER,P4,72,HOUR,5CA3D9C248150054E1000000A859B6B0,24x7,NO,NO,,,,,,,,,
Water Contact,Service Request,Joburg Water Forcelink,10100,CPML,Joburg Water Forcelink,,FIX MY CITY,Verified ,PREPAID METER LEAKING,METER LEAKING,60000042,JOHANNESBURG WATER,P4,72,HOUR,5CA3D9C248150054E1000000A859B6B0,24x7,NO,NO,,,,,,,,,
Water Contact,Service Request,Joburg Water Forcelink,10101,CPMT,Joburg Water Forcelink,,FIX MY CITY,Unverified ,PREPAID METER TAMPER,METER TAMPER,60000042,JOHANNESBURG WATER,P4,72,HOUR,5CA3D9C248150054E1000000A859B6B0,24x7,NO,NO,,,,,,,,,
Water Contact,Service Request,Joburg Water Forcelink,10102,CPNT,Joburg Water Forcelink,,FIX MY CITY,Unverified ,PREPAID NO TAG/CARD,NO TAG/CARD,60000042,JOHANNESBURG WATER,P4,72,HOUR,5CA3D9C248150054E1000000A859B6B0,24x7,NO,NO,,,,,,,,,
Water Contact,Service Request,Joburg Water Forcelink,10103,CPNW,Joburg Water Forcelink,,FIX MY CITY,Unverified ,PREPAID NO WATER,NO WATER,60000042,JOHANNESBURG WATER,P4,72,HOUR,5CA3D9C248150054E1000000A859B6B0,24x7,NO,NO,,,,,,,,,
Water Contact,Service Request,Joburg Water Forcelink,10104,CPTI,Joburg Water Forcelink,,FIX MY CITY,Unverified ,PREPAID TARRIFS INVESTIGATION,TARRIFS INVESTIGATION,60000042,JOHANNESBURG WATER,P4,72,HOUR,5CA3D9C248150054E1000000A859B6B0,24x7,NO,NO,,,,,,,,,
Water Contact,Service Request,Joburg Water Forcelink,10105,CPVM,Joburg Water Forcelink,,FIX MY CITY,Verified ,PREPAID METER VALVE MALFUNCTIO,METER VALVE MALFUNCTIO,60000042,JOHANNESBURG WATER,P4,72,HOUR,5CA3D9C248150054E1000000A859B6B0,24x7,NO,NO,,,,,,,,,
Water Contact,Service Request,Joburg Water Forcelink,10106,CPWT,Joburg Water Forcelink,,FIX MY CITY,Unverified ,PREPAID WRONG TAG/CARD,WRONG TAG/CARD,60000042,JOHANNESBURG WATER,P2,24,HOUR,5CA3D9C248150054E1000000A859B6B0,24x7,NO,NO,,,,,,,,,
Water Contact,Service Request,Joburg Water Forcelink,10107,BM,Joburg Water Forcelink,,FIX MY CITY,Unverified ,BEES IN METER BOX - INVESTIGAT,BEES IN METER BOX,60000042,JOHANNESBURG WATER,P5,96,HOUR,5CA3D9C248150054E1000000A859B6B0,24x7,NO,NO,,,,,,,,,
Water Contact,Service Request,Joburg Water Forcelink,10108,C601,Joburg Water Forcelink,,FIX MY CITY,Unverified ,S:SEWER SPILLAGE CLEANUP,SEWER SPILLAGE CLEANUP,60000042,JOHANNESBURG WATER,P2,24,HOUR,5CA3D9C248150054E1000000A859B6B0,24x7,NO,NO,,,,,,,,,
Water Contact,Service Request,Joburg Water Forcelink,10109,MFA,Joburg Water Forcelink,,FIX MY CITY,Unverified ,W:MOVE FIRE HYDRANT,MOVE FIRE HYDRANT,60000042,JOHANNESBURG WATER,P5,336,HOUR,5CA3D9C248150054E1000000A859B6B0,24x7,NO,NO,,,,,,,,,
Water Contact,Service Request,Joburg Water Forcelink,10110,MMA,Joburg Water Forcelink,,FIX MY CITY,Unverified ,MOVE METER TO NEW POSITION,MOVE METER TO NEW POS,60000042,JOHANNESBURG WATER,P4,72,HOUR,5CA3D9C248150054E1000000A859B6B0,24x7,NO,NO,,,,,,,,,
Water Contact,Service Request,Joburg Water Forcelink,10111,MMQ,Joburg Water Forcelink,,JOBURG SERVICES (Service Request),"Proxy, Verified",QOUTE MOVE METER TO NEW POS,QOUTE MOVE METER TO NEW POS,60000042,JOHANNESBURG WATER,P5,96,HOUR,5CA3D9C248150054E1000000A859B6B0,24x7,NO,NO,,,,,,,,,
Water Contact,Service Request,Joburg Water Forcelink,10112,SC5,Joburg Water Forcelink,,FIX MY CITY,Unverified ,S:MANHOLE LID MISSING-REPLACE,MANHOLE LID MISSING,60000042,JOHANNESBURG WATER,P2,24,HOUR,5CA3D9C248150054E1000000A859B6B0,24x7,NO,NO,,,,,,,,,
Water Contact,Service Request,Joburg Water Forcelink,10113,S03,Joburg Water Forcelink,,FIX MY CITY,Unverified ,S:MANHOLE REPAIR/LOWER/RAISE,MANHOLE REPAIR/LOWER/RAISE,60000042,JOHANNESBURG WATER,P5,120,HOUR,5CA3D9C248150054E1000000A859B6B0,24x7,NO,NO,,,,,,,,,
Water Contact,Service Request,Joburg Water Forcelink,10114,S81,Joburg Water Forcelink,,FIX MY CITY,Unverified ,INVESTIGATE SEWER ILLEGAL CONN,SEWER ILLEGAL CONN,60000042,JOHANNESBURG WATER,P5,96,HOUR,5CA3D9C248150054E1000000A859B6B0,24x7,NO,NO,,,,,,,,,
Water Contact,Service Request,Joburg Water Forcelink,10115,C550,Joburg Water Forcelink,,FIX MY CITY,Unverified ,S:SEWAGE: ODOUR-INVESTIGATION,SEWAGE: ODOUR,60000042,JOHANNESBURG WATER,P4,72,HOUR,5CA3D9C248150054E1000000A859B6B0,24x7,NO,NO,,,,,,,,,
Water Contact,Service Request,Joburg Water Forcelink,10116,C522,Joburg Water Forcelink,,FIX MY CITY,Unverified ,S:MAIN BLOCKAGE,MAIN BLOCKAGE,60000042,JOHANNESBURG WATER,P2,24,HOUR,5CA3D9C248150054E1000000A859B6B0,24x7,NO,NO,,,,,,,,,
Water Contact,Service Request,Joburg Water Forcelink,10117,S05,Joburg Water Forcelink,,FIX MY CITY,Unverified ,S:LOCATE MANHOLE,LOCATE MANHOLE,60000042,JOHANNESBURG WATER,P5,120,HOUR,5CA3D9C248150054E1000000A859B6B0,24x7,NO,NO,,,,,,,,,
Water Contact,Service Request,Joburg Water Forcelink,10118,S29,Joburg Water Forcelink,,FIX MY CITY,Unverified ,S:VACUUM SERVICE A/C,VACUUM SERVICE A/C,60000042,JOHANNESBURG WATER,P5,96,HOUR,5CA3D9C248150054E1000000A859B6B0,24x7,NO,NO,,,,,,,,,
Water Contact,Service Request,Joburg Water Forcelink,10119,S49,Joburg Water Forcelink,,FIX MY CITY,Unverified ,S:DESLUDGING (INFORMAL H),DESLUDGING (INFORMAL H),60000042,JOHANNESBURG WATER,P5,96,HOUR,5CA3D9C248150054E1000000A859B6B0,24x7,NO,NO,,,,,,,,,
Water Contact,Service Request,Joburg Water Forcelink,10120,SUVTS1,Joburg Water Forcelink,,FIX MY CITY,Unverified ,VACUUM TANKER SERVICES,VACUUM TANKER SERVICES,60000042,JOHANNESBURG WATER,P5,96,HOUR,5CA3D9C248150054E1000000A859B6B0,24x7,NO,NO,,,,,,,,,
Water Contact,Service Request,Joburg Water Forcelink,10121,C1,Joburg Water Forcelink,,FIX MY CITY,Unverified ,W:CUSTOMER CARE INVESTIGATION,CUSTOMER CARE INVESTIGATION,60000042,JOHANNESBURG WATER,P4,72,HOUR,5CA3D9C248150054E1000000A859B6B0,24x7,NO,NO,,,,,,,,,
Water Contact,Service Request,Joburg Water Forcelink,10122,C331,Joburg Water Forcelink,,FIX MY CITY,Unverified ,W:FIRE HYDRANT COVER MISSING,FIRE HYDRANT COVER MISSING,60000042,JOHANNESBURG WATER,P5,120,HOUR,5CA3D9C248150054E1000000A859B6B0,24x7,NO,NO,,,,,,,,,
Water Contact,Service Request,Joburg Water Forcelink,10123,C332,Joburg Water Forcelink,,FIX MY CITY,Unverified ,FIRE HYDRANT LEAKING,HYDRANT LEAKING,60000042,JOHANNESBURG WATER,P3,48,HOUR,5CA3D9C248150054E1000000A859B6B0,24x7,NO,NO,,,,,,,,,
Water Contact,Service Request,Joburg Water Forcelink,10124,C340,Joburg Water Forcelink,,FIX MY CITY,Unverified ,W:METER COVER MISSING,METER COVER MISSING,60000042,JOHANNESBURG WATER,P5,504,HOUR,5CA3D9C248150054E1000000A859B6B0,24x7,NO,NO,,,,,,,,,
Water Contact,Service Request,Joburg Water Forcelink,10125,C340V,Joburg Water Forcelink,,FIX MY CITY,Unverified ,W:VALVE BOX COVER MISSING/DAMA,VALVE BOX COVER MISSING/DAMA,60000042,JOHANNESBURG WATER,P5,504,HOUR,5CA3D9C248150054E1000000A859B6B0,24x7,NO,NO,,,,,,,,,
Water Contact,Service Request,Joburg Water Forcelink,10126,C160,Joburg Water Forcelink,,JOBURG SERVICES (Service Request),"Proxy, Verified",CLOSE METER PER OWNERS REQUEST,CLOSE METER ,60000042,JOHANNESBURG WATER,P5,336,HOUR,5CA3D9C248150054E1000000A859B6B0,24x7,NO,NO,,,,,,,,,
Water Contact,Service Request,Joburg Water Forcelink,10127,WIST,Joburg Water Forcelink,,FIX MY CITY,Unverified ,W:INF SETT REPLACE TAPS,INF SETT REPLACE TAPS,60000042,JOHANNESBURG WATER,P5,336,HOUR,5CA3D9C248150054E1000000A859B6B0,24x7,NO,NO,,,,,,,,,
Water Contact,Service Request,Joburg Water Forcelink,10128,C120,Joburg Water Forcelink,,FIX MY CITY,Unverified ,W:NO WATER INDIVIDUAL,NO WATER INDIVIDUAL,60000042,JOHANNESBURG WATER,P2,24,HOUR,5CA3D9C248150054E1000000A859B6B0,24x7,NO,NO,,,,,,,,,
Water Contact,Service Request,Joburg Water Forcelink,10129,C121,Joburg Water Forcelink,,FIX MY CITY,Unverified ,W:NO WATER AREA OUTAGE,NO WATER AREA OUTAGE,60000042,JOHANNESBURG WATER,P2,24,HOUR,5CA3D9C248150054E1000000A859B6B0,24x7,NO,NO,,,,,,,,,
Water Contact,Service Request,Joburg Water Forcelink,10130,C130,Joburg Water Forcelink,,FIX MY CITY,Unverified ,W:INTERMITTENT SUPPLY - I,INTERMITTENT SUPPLY,60000042,JOHANNESBURG WATER,P2,24,HOUR,5CA3D9C248150054E1000000A859B6B0,24x7,NO,NO,,,,,,,,,
Water Contact,Service Request,Joburg Water Forcelink,10131,C140,Joburg Water Forcelink,,FIX MY CITY,Unverified ,W:LACK OF PRESSURE,LACK OF PRESSURE,60000042,JOHANNESBURG WATER,P3,48,HOUR,5CA3D9C248150054E1000000A859B6B0,24x7,NO,NO,,,,,,,,,
Water Contact,Service Request,Joburg Water Forcelink,10132,C150,Joburg Water Forcelink,,FIX MY CITY,Unverified ,W:HIGH PRESSURE-INVESTIGATION,HIGH PRESSURE,60000042,JOHANNESBURG WATER,P3,48,HOUR,5CA3D9C248150054E1000000A859B6B0,24x7,NO,NO,,,,,,,,,
Water Contact,Service Request,Joburg Water Forcelink,10133,C200,Joburg Water Forcelink,,FIX MY CITY,Unverified ,W:DIRTY / CLOUDY / MUDDY,DIRTY / CLOUDY / MUDDY,60000042,JOHANNESBURG WATER,P5,336,HOUR,5CA3D9C248150054E1000000A859B6B0,24x7,NO,NO,,,,,,,,,
Water Contact,Service Request,Joburg Water Forcelink,10134,C210,Joburg Water Forcelink,,FIX MY CITY,Unverified ,W:STAINED WASHING-INVESTIGATIO,STAINED WASHING,60000042,JOHANNESBURG WATER,P5,336,HOUR,5CA3D9C248150054E1000000A859B6B0,24x7,NO,NO,,,,,,,,,
Water Contact,Service Request,Joburg Water Forcelink,10135,C220,Joburg Water Forcelink,,FIX MY CITY,Unverified ,W:BITS IN WATER-INVESTIGATION,BITS IN WATER,60000042,JOHANNESBURG WATER,P5,336,HOUR,5CA3D9C248150054E1000000A859B6B0,24x7,NO,NO,,,,,,,,,
Water Contact,Service Request,Joburg Water Forcelink,10136,C230,Joburg Water Forcelink,,FIX MY CITY,Unverified ,W:TASTE-INVESTIGATE,TASTE-INVESTIGATE,60000042,JOHANNESBURG WATER,P5,336,HOUR,5CA3D9C248150054E1000000A859B6B0,24x7,NO,NO,,,,,,,,,
Water Contact,Service Request,Joburg Water Forcelink,10137,C240,Joburg Water Forcelink,,FIX MY CITY,Unverified ,W:ODOUR-INVESTIGATE,ODOUR-INVESTIGATE,60000042,JOHANNESBURG WATER,P5,336,HOUR,5CA3D9C248150054E1000000A859B6B0,24x7,NO,NO,,,,,,,,,
Water Contact,Service Request,Joburg Water Forcelink,10138,C250,Joburg Water Forcelink,,FIX MY CITY,Unverified ,W:COLOUR OF WATER,COLOUR OF WATER,60000042,JOHANNESBURG WATER,P5,336,HOUR,5CA3D9C248150054E1000000A859B6B0,24x7,NO,NO,,,,,,,,,
Water Contact,Service Request,Joburg Water Forcelink,10139,C260,Joburg Water Forcelink,,FIX MY CITY,Unverified ,W:ANIMALS IN WATER-INVESTIGATE,ANIMALS IN WATER,60000042,JOHANNESBURG WATER,P5,336,HOUR,5CA3D9C248150054E1000000A859B6B0,24x7,NO,NO,,,,,,,,,
Water Contact,Service Request,Joburg Water Forcelink,10140,C270,Joburg Water Forcelink,,FIX MY CITY,Unverified ,W:ILLNESS COMPLAINT-INVESTIGAT,ILLNESS COMPLAINT,60000042,JOHANNESBURG WATER,P5,336,HOUR,5CA3D9C248150054E1000000A859B6B0,24x7,NO,NO,,,,,,,,,
Water Contact,Service Request,Joburg Water Forcelink,10141,C280,Joburg Water Forcelink,,FIX MY CITY,Unverified ,W:WHITE WATER (AERATED),WHITE WATER (AERATED),60000042,JOHANNESBURG WATER,P5,336,HOUR,5CA3D9C248150054E1000000A859B6B0,24x7,NO,NO,,,,,,,,,
Water Contact,Service Request,Joburg Water Forcelink,10142,C290,Joburg Water Forcelink,,FIX MY CITY,Unverified ,W:QUALITY OTHER-INVESTIGATION,WATER QUALITY ,60000042,JOHANNESBURG WATER,P5,336,HOUR,5CA3D9C248150054E1000000A859B6B0,24x7,NO,NO,,,,,,,,,
Water Contact,Service Request,Joburg Water Forcelink,10143,NB1,Joburg Water Forcelink,,FIX MY CITY,Unverified ,W:CHANGE TO BIGGER CONNECTION,CHANGE TO BIGGER CONNECTION,60000042,JOHANNESBURG WATER,P5,336,HOUR,5CA3D9C248150054E1000000A859B6B0,24x7,NO,NO,,,,,,,,,
Water Contact,Service Request,Joburg Water Forcelink,10144,C401,Joburg Water Forcelink,,FIX MY CITY,Unverified ,REINSTATEMENT-INT-PAVING/CONTR,REINSTATEMENT-INT-PAVING,60000042,JOHANNESBURG WATER,P5,240,HOUR,5CA3D9C248150054E1000000A859B6B0,24x7,NO,NO,,,,,,,,,
Water Contact,Service Request,Joburg Water Forcelink,10145,C402,Joburg Water Forcelink,,FIX MY CITY,Unverified ,TAR REINSTATEMENT:JRA:WATER,TAR REINSTATEMENT:JRA:WATER,60000042,JOHANNESBURG WATER,P5,240,HOUR,5CA3D9C248150054E1000000A859B6B0,24x7,NO,NO,,,,,,,,,
Water Contact,Service Request,Joburg Water Forcelink,10146,C410,Joburg Water Forcelink,,FIX MY CITY,Unverified ,W:DEBRIS/ RUBBLE/ BARRICADE,DEBRIS/ RUBBLE/ BARRICADE,60000042,JOHANNESBURG WATER,P5,120,HOUR,5CA3D9C248150054E1000000A859B6B0,24x7,NO,NO,,,,,,,,,
Water Contact,Service Request,Joburg Water Forcelink,10147,C111,Joburg Water Forcelink,,FIX MY CITY,Unverified ,W:MAJOR BURST/FLOODING,MAJOR BURST/FLOODING,60000042,JOHANNESBURG WATER,P3,48,HOUR,5CA3D9C248150054E1000000A859B6B0,24x7,NO,NO,,,,,,,,,
Water Contact,Service Request,Joburg Water Forcelink,10148,C112,Joburg Water Forcelink,,FIX MY CITY,Unverified ,W:MINOR BURST:NO FLOODING,MINOR BURST:NO FLOODING,60000042,JOHANNESBURG WATER,P3,48,HOUR,5CA3D9C248150054E1000000A859B6B0,24x7,NO,NO,,,,,,,,,
Water Contact,Service Request,Joburg Water Forcelink,10149,C310,Joburg Water Forcelink,,JOBURG SERVICES (Service Request),"Proxy, Verified",M:LEAKING METER,LEAKING METER,60000042,JOHANNESBURG WATER,P4,72,HOUR,5CA3D9C248150054E1000000A859B6B0,24x7,NO,NO,,,,,,,,,
Water Contact,Service Request,Joburg Water Forcelink,10150,C311,Joburg Water Forcelink,,FIX MY CITY,Unverified ,M:METER FAULTY/DIAL SPINNING,METER FAULTY/DIAL SPINNING,60000042,JOHANNESBURG WATER,P4,72,HOUR,5CA3D9C248150054E1000000A859B6B0,24x7,NO,NO,,,,,,,,,
Water Contact,Service Request,Joburg Water Forcelink,10151,C320,Joburg Water Forcelink,,FIX MY CITY,Unverified ,W:LEAKING WATER CONNECTION,LEAKING WATER CONNECTION,60000042,JOHANNESBURG WATER,P4,72,HOUR,5CA3D9C248150054E1000000A859B6B0,24x7,NO,NO,,,,,,,,,
Water Contact,Service Request,Joburg Water Forcelink,10152,C380,Joburg Water Forcelink,,FIX MY CITY,Unverified ,M:STOPCOCK BROKEN/DAM/VANDALIS,STOPCOCK BROKEN/DAM/VANDALIS,60000042,JOHANNESBURG WATER,P4,72,HOUR,5CA3D9C248150054E1000000A859B6B0,24x7,NO,NO,,,,,,,,,
Water Contact,Service Request,Joburg Water Forcelink,10153,MM,Joburg Water Forcelink,,JOBURG SERVICES (Service Request),"Proxy, Verified",M:MOVE METER,MOVE METER,60000042,JOHANNESBURG WATER,P4,72,HOUR,5CA3D9C248150054E1000000A859B6B0,24x7,NO,NO,,,,,,,,,
Water Contact,Service Request,Joburg Water Forcelink,10154,W09,Joburg Water Forcelink,,JOBURG SERVICES (Service Request),"Proxy, Verified",M:METER TEST REQUEST,METER TEST REQUEST,60000042,JOHANNESBURG WATER,P4,72,HOUR,5CA3D9C248150054E1000000A859B6B0,24x7,NO,NO,,,,,,,,,
Water Contact,Service Request,Joburg Water Forcelink,10155,W120,Joburg Water Forcelink,,JOBURG SERVICES (Service Request),"Proxy, Verified",W:METER BOX REPLACEMENT,METER BOX REPLACEMENT,60000042,JOHANNESBURG WATER,P4,72,HOUR,5CA3D9C248150054E1000000A859B6B0,24x7,NO,NO,,,,,,,,,
Water Contact,Service Request,Joburg Water Forcelink,10156,W121,Joburg Water Forcelink,,JOBURG SERVICES (Service Request),"Proxy, Verified",W:METER BOX MAINTENANCE,METER BOX MAINTENANCE,60000042,JOHANNESBURG WATER,P4,72,HOUR,5CA3D9C248150054E1000000A859B6B0,24x7,NO,NO,,,,,,,,,
Water Contact,Service Request,Joburg Water Forcelink,10157,W16,Joburg Water Forcelink,,FIX MY CITY,Unverified ,M:METER RUNNING CONTINIOUSLY,METER RUNNING CONTINIOUSLY,60000042,JOHANNESBURG WATER,P4,72,HOUR,5CA3D9C248150054E1000000A859B6B0,24x7,NO,NO,,,,,,,,,
Water Contact,Service Request,Joburg Water Forcelink,10158,W17,Joburg Water Forcelink,,FIX MY CITY,Unverified ,M:METER STUCK,METER STUCK,60000042,JOHANNESBURG WATER,P4,72,HOUR,5CA3D9C248150054E1000000A859B6B0,24x7,NO,NO,,,,,,,,,
Water Contact,Service Request,Joburg Water Forcelink,10159,W18,Joburg Water Forcelink,,FIX MY CITY,Unverified ,M:METER COVERED UNABLE TO LOCA,METER COVERED UNABLE TO LOCA,60000042,JOHANNESBURG WATER,P4,72,HOUR,5CA3D9C248150054E1000000A859B6B0,24x7,NO,NO,,,,,,,,,
Water Contact,Service Request,Joburg Water Forcelink,10160,W19,Joburg Water Forcelink,,FIX MY CITY,Unverified ,M:METER DIAL DIRTY UNCLEAR,METER DIAL DIRTY UNCLEAR,60000042,JOHANNESBURG WATER,P4,72,HOUR,5CA3D9C248150054E1000000A859B6B0,24x7,NO,NO,,,,,,,,,
Water Contact,Service Request,Joburg Water Forcelink,10161,W20,Joburg Water Forcelink,,FIX MY CITY,Unverified ,M:METER TURNING BACKWARDS,METER TURNING BACKWARDS,60000042,JOHANNESBURG WATER,P4,72,HOUR,5CA3D9C248150054E1000000A859B6B0,24x7,NO,NO,,,,,,,,,
Water Contact,Service Request,Joburg Water Forcelink,10162,W21,Joburg Water Forcelink,,FIX MY CITY,Unverified ,M:METER TO BE RAISED/LOWERED,METER TO BE RAISED/LOWERED,60000042,JOHANNESBURG WATER,P4,72,HOUR,5CA3D9C248150054E1000000A859B6B0,24x7,NO,NO,,,,,,,,,
Water Contact,Service Request,Joburg Water Forcelink,10163,W22,Joburg Water Forcelink,,FIX MY CITY,Unverified ,M:METER MISSING/PLS INVESTIGAT,METER MISSING,60000042,JOHANNESBURG WATER,P4,72,HOUR,5CA3D9C248150054E1000000A859B6B0,24x7,NO,NO,,,,,,,,,
Water Contact,Service Request,Joburg Water Forcelink,10164,W30,Joburg Water Forcelink,,FIX MY CITY,Unverified ,M:CLEAN METER BOX,CLEAN METER BOX,60000042,JOHANNESBURG WATER,P4,72,HOUR,5CA3D9C248150054E1000000A859B6B0,24x7,NO,NO,,,,,,,,,
Water Contact,Service Request,Joburg Water Forcelink,10165,W41,Joburg Water Forcelink,,FIX MY CITY,Unverified ,M:METER INVESTIG/METER TO MOVE,METER INVESTIG/METER TO MOVE,60000042,JOHANNESBURG WATER,P4,72,HOUR,5CA3D9C248150054E1000000A859B6B0,24x7,NO,NO,,,,,,,,,
Water Contact,Service Request,Joburg Water Forcelink,10166,W56,Joburg Water Forcelink,,FIX MY CITY,Unverified ,M:METER DAMAGED FAULTY/VANDALI,METER DAMAGED FAULTY/VANDALI,60000042,JOHANNESBURG WATER,P4,72,HOUR,5CA3D9C248150054E1000000A859B6B0,24x7,NO,NO,,,,,,,,,
Water Contact,Service Request,Joburg Water Forcelink,10167,WSM,Joburg Water Forcelink,,JOBURG SERVICES (Service Request),"Proxy, Verified",M:STOLEN METER,STOLEN METER,60000042,JOHANNESBURG WATER,P2,24,HOUR,5CA3D9C248150054E1000000A859B6B0,24x7,NO,NO,,,,,,,,,
Water Contact,Service Request,Joburg Water Forcelink,10168,C160F,Joburg Water Forcelink,,JOBURG SERVICES (Service Request),"Proxy, Verified",CLOSE F/H PER OWNERS REQUEST,CLOSE F/H ,60000042,JOHANNESBURG WATER,P2,24,HOUR,5CA3D9C248150054E1000000A859B6B0,24x7,NO,NO,,,,,,,,,
Water Contact,Service Request,Joburg Water Forcelink,10169,C330,Joburg Water Forcelink,,FIX MY CITY,Unverified ,W:FIRE HYDRANT LEAK/MAINTENANC,FIRE HYDRANT LEAK,60000042,JOHANNESBURG WATER,P3,48,HOUR,5CA3D9C248150054E1000000A859B6B0,24x7,NO,NO,,,,,,,,,
Water Contact,Service Request,Joburg Water Forcelink,10170,NFH,Joburg Water Forcelink,,FIX MY CITY,Unverified ,REQUEST NEW FIRE HYDRANT,NEW FIRE HYDRANT,60000042,JOHANNESBURG WATER,P2,24,HOUR,5CA3D9C248150054E1000000A859B6B0,24x7,NO,NO,,,,,,,,,
Water Contact,Service Request,Joburg Water Forcelink,10171,W27,Joburg Water Forcelink,,FIX MY CITY,Unverified ,W:LOCATE FIRE HYDRANT,LOCATE FIRE HYDRANT,60000042,JOHANNESBURG WATER,P2,24,HOUR,5CA3D9C248150054E1000000A859B6B0,24x7,NO,NO,,,,,,,,,
Water Contact,Service Request,Joburg Water Forcelink,10172,W32,Joburg Water Forcelink,,FIX MY CITY,Unverified ,W:LOCATE VALVE,LOCATE VALVE,60000042,JOHANNESBURG WATER,P2,24,HOUR,5CA3D9C248150054E1000000A859B6B0,24x7,NO,NO,,,,,,,,,
Water Contact,Service Request,Joburg Water Forcelink,10173,W53,Joburg Water Forcelink,,FIX MY CITY,Unverified ,W:LEAKING VALVE,LEAKING VALVE,60000042,JOHANNESBURG WATER,P5,96,HOUR,5CA3D9C248150054E1000000A859B6B0,24x7,NO,NO,,,,,,,,,
Water Contact,Service Request,Joburg Water Forcelink,10174,S50,Joburg Water Forcelink,,FIX MY CITY,Unverified ,S:REQUEST FOR DESLUDGING VIP (INFORMAL H,REQUEST FOR DESLUDGING VIP (INFORMAL H,60000042,JOHANNESBURG WATER,P5,96,HOUR,5CA3D9C248150054E1000000A859B6B0,24x7,NO,NO,,,,,,,,,
Water Contact,Service Request,Joburg Water Forcelink,10175,C161,Joburg Water Forcelink,,FIX MY CITY,Unverified ,CLOSE WATER METER: NON BILLABLE,CLOSE WATER METER,60000042,JOHANNESBURG WATER,P5,336,HOUR,5CA3D9C248150054E1000000A859B6B0,24x7,NO,NO,,,,,,,,,
